SELECCIONAR;SIN MODELO;DUCHA MIXTA SIN FILTRO;BLANCO;0;0
SELECCIONAR;SIN MODELO;FILTRO DE GRAVEDAD MAGNETIZADO DE 14 LITROS;SIN DEFINIR;0;0
SELECCIONAR;SIN MODELO;FILTRO DE GRAVEDAD MAGNETIZADO DE 20 LITROS;SIN DEFINIR;0;0
SELECCIONAR;SIN MODELO;NEVERA CON DISPENSADOR DE AGUA Y REFRIGERADOR COLOR ACERO SIN ACCESORIOS DE 7;SIN DEFINIR;0;0
SELECCIONAR;SIN MODELO;NEVERA CON DISPENSADOR DE AGUA Y REFRIGERADOR COLOR BLANCO SIN ACCESORIOS;SIN DEFINIR;0;0
SELECCIONAR;SIN MODELO;FILTRO DE AGUA DIGITAL PLATA COLOIDAL 10;BEIGE;0;0
SELECCIONAR;SIN MODELO;9D SUPERPOGRAMABLE EN ACERO SIN ACESORIOS;ACERO;0;0
SELECCIONAR;SIN MODELO;CABEZOTE PARA DISPENSADOR NEVERA AUTOMATICO ( SIN ACCESORIOS);BLANCO;0;0
SELECCIONAR;SIN MODELO;CABEZOTE PARA DISPENSADOR NEVERA DA MINI CON FLOTADOR ( SIN ACCESORIOS);BLANCO;0;0
SELECCIONAR;SIN MODELO;CHEF SIN ACCESORIOS;BLANCO;0;0
SELECCIONAR;SIN MODELO;DEKO BLANCO CHEFF SIN ACCESORIOS;SIN DEFINIR;0;0
SELECCIONAR;SIN MODELO;DEKO NEGRO FRUTAS SIN ACCESORIOS;NEGRO;0;0
SELECCIONAR;SIN MODELO;ECONOFIL PORTATIL ECOLOGICO SIN ELECTRICIDAD;BLANCO;0;0
SELECCIONAR;SIN MODELO;FRESA SIN ACCESORIOS;ROJO;0;0
SELECCIONAR;SIN MODELO;GOTA SIN ACCESORIOS;BEIGE;0;0
SELECCIONAR;SIN MODELO;JE 5000 MINI  SIN ACCESORIOS;BLANCO;0;0
SELECCIONAR;SIN MODELO;JE 5000 PARA NEVERA DE DOBLE SALIDA;BLANCO;0;0
SELECCIONAR;SIN MODELO;JE 5000 PARA NEVERA DOBLE SALIDA SIN ACCESORIOS;BLANCO;0;0
SELECCIONAR;SIN MODELO;JE 6000 DE PASO DEBAJO DEL LAVAPLATOS SIN ACCESORIOS;BLANCO;0;0
SELECCIONAR;SIN MODELO;JE 9000 DE PASO CON SALIDA AL FRENTE SIN ACCESORIOS;ACERO;0;0
SELECCIONAR;SIN MODELO;JE 9000 GRANDE SIN ACCESORIOS;ACERO;0;0
SELECCIONAR;SIN MODELO;JE 9000 MINI SIN ACCESORIOS;ACERO;0;0
SELECCIONAR;SIN MODELO;LMP SIN ACCESORIOS;BEIGE;0;0
SELECCIONAR;SIN MODELO;MANZANA MINI SIN ACCESORIOS DE 7;ROJO;0;0
SELECCIONAR;SIN MODELO;MCA MINI SIN ACCESORIOS;SIN DEFINIR;0;0
SELECCIONAR;SIN MODELO;OSO SIN ACCESORIOS;BLANCO;0;0
SELECCIONAR;SIN MODELO;PA 2002 MINI SIN ACCESORIOS;ACERO;0;0
SELECCIONAR;SIN MODELO;PA 2004 MINI SIN ACCESORIOS;BLANCO;0;0
SELECCIONAR;SIN MODELO;PA 2008 MINI CON  PUNTERAS PLASTICAS SIN ACCESORIOS DE 7;SIN DEFINIR;0;0
SELECCIONAR;SIN MODELO;PI? MINI SIN ACCESORIOS;BEIGE;0;0
SELECCIONAR;SIN MODELO;PURIFICADOR DEKO JG EN ACERO SIN ACCESORIOS;SIN DEFINIR;0;0
SELECCIONAR;SIN MODELO;PURIFICADOR DEKO NB TOUCH NEGRO RAYAS SIN ACCESORIOS;SIN DEFINIR;0;0
SELECCIONAR;SIN MODELO;PURIFICADOR DEKO NB TOUCH AZUL RAYAS SIN ACCESORIOS;SIN DEFINIR;0;0
SELECCIONAR;SIN MODELO;TORO SIN ACCESORIOS;BEIGE;0;0
SELECCIONAR;SIN MODELO;TROPPY SIN ACCESORIOS DE 7;BLANCO;0;0
SELECCIONAR;SIN MODELO;VACA SIN ACCESORIOS;BEIGE;0;0
SELECCIONAR;SIN MODELO;VG MINI SIN ACCESORIOS;BLANCO;0;0
SELECCIONAR;SIN MODELO;IOZONIC MULTIFUNCIONAL AIRE Y AGUA;SIN DEFINIR;0;0
SELECCIONAR;SIN MODELO;PURIFICADOR UV-6W FHILIPS  110V SIN ACCESORIOS;SIN DEFINIR;0;0
SELECCIONAR;SIN MODELO;MODELO IOZONIC I1;SIN DEFINIR;0;0
SELECCIONAR;SIN MODELO;MODELO IOZONIC I3;SIN DEFINIR;0;0
SELECCIONAR;SIN MODELO;AERO ELITE;BLANCO;0;0
SELECCIONAR;SIN MODELO;AIR 60;BLANCO;0;0
SELECCIONAR;SIN MODELO;AIR 90;BLANCO;0;0
SELECCIONAR;SIN MODELO;AIRE DE NIVELES;BLANCO;0;0
