613;21;VINO COMPRO10/09/18 (2) FULL CARBON;1;13/01/2020
510;120; ABRIL 16 HECHO EP7 HORAS DE LA TARDE.;1;18/03/2020
578;130; ABRIL 27 HCHO/G4  /  INSTA.PA2008 CON G4-SERIE: 030  0ZN 192790  05/08/19;1;27/03/2020
591;1; CAMBIO 04/01/2019 AP200-CAMBIO 17/07/19- AP200 LLAMAR 27/06/19-NOCONTESTA-DICIEMBRE 2018 AP200;1;4/01/2020
444;358; CAMBIO 26/11/ 20 EP7                            ANUAL 3 VECES                   ;1;6/11/2020
342;401; DICIEMBRE 12/AP200    ABRIL 27 / AP200/   03/10/19 AP200 EN LA MA?NA CAMBIO  19/03/19 EN LA MA?NA CONFIRMADA 19/9/18AP200-28-03-18;1;14/12/2020
522;117; HECHO ABRIL 27 / AP200/   03/10/19 AP200 EN LA MA?NA CAMBIO  19/03/19 EN LA MA?NA CONFIRMADA 19/9/18AP200-28-03-18;1;15/03/2020
350;205; JUNIO 18 /AP200      MAYO 17/    AP200     09/12/19 CANCELA 10/12/19- -AP200 $45.OOO Y $35.000-CAMBIO 18/02/19 AP300-AP200 $45.00+$35.000 -09-07-18AP300-AP20045.000+35.000;1;27/06/2020
469;92; MAYO27 / AP300   04/10/19- AP300 $48.000CAMBIO 03/04/19-AP300 48.000 CADA 4MESES 04/12/18- AP300-06-04-18 ;1;25/05/2020
264;220;06/07/19-EP7-05/07/18;1;1/07/2020
287;63;11/02/20- AP200 INSTA. VACA SERIE: 5919 24/09/19;1;20/02/2020
581;64;11/02/20 AP200 INSTA.CHEF SERIE:748 OZN174715        24/09/19;1;22/02/2020
334;64;12/02/20 CAMBIO G4 MULTIFILTRANTE;1;23/02/2020
505;241;27 JULIO G4/ CAMBIO 25-01-2020 AP200 $30.000 -CAMBIO 13/07/19 AP200-$30.000 EN LA MA?NA-CAMBIO 24/01/19- AP200CAMBIO JULIO 2018 ;1;1/07/2020
245;136;ABRIL 06 / AP200;1;6/04/2020
496;119;ABRIL 16  HECHO G4;1;17/03/2020
380;385;ABRIL 16 HECHO  G4           MCA  CON G4 SERIE: OZN193284 18/11/19;1;3/12/2020
512;118;ABRIL 16 HECHO  G4           MCA  CON G4 SERIE: OZN193284 18/11/19;1;16/03/2020
695;121;ABRIL 20 G4/ 03/08/19 AP200-CAMBIO 09/02/19 AP200-INSTA.PA2008 SERIE:2648 19/09/18;1;19/03/2020
407;122;ABRIL 21 HECHO G4 /                                               MULTIFILTRANTE $60.000  +DESINSTALACI? Y REINSTALACION $40.000 17/10/19;1;20/03/2020
382;123;ABRIL 21 HECHO G4/   03/12/19 09:00AM AP200-CDA 4 MESES -CAMBIO 31/07/19-AP200 DESPUES DE LAS 02:00PMCADA 4 MESES CAMBIO 04/04/19 -AP200-01-08-18 09:00AM;1;21/03/2020
566;124;ABRIL 22 HECHO G4/  ;1;23/03/2020
338;125;ABRIL 22 HECHO G4/   05/10/19-CAMBIO 06/04/19 AP200-CAMBIO 18-08-18 AP200-AP200 Hecho 10-03-18;1;24/03/2020
635;164;ABRIL 22 HECHO G4/   05/10/19-CAMBIO 06/04/19 AP200-CAMBIO 18-08-18 AP200-AP200 Hecho 10-03-18;1;12/12/2020
478;384;ABRIL 22 HECHO G4/  03/04/19-EP7-16-04-18 3:00PM;1;2/12/2020
729;123;ABRIL 22 HECHO G4/  03/04/19-EP7-16-04-18 3:00PM;1;22/03/2020
216;137;ABRIL 22 SE LE REALIZA SERVICIO TECNICO;1;22/04/2020
709;113;ABRIL 22 SE LE REALIZA SERVICIO TECNICO;1;10/03/2020
511;126;ABRIL 24-HECHO G4 / 10/10/19 AP200-CAMBIO 10/04/19 AP200-INSTA. PA2008 SERIE:2713 24/11/18;1;25/03/2020
315;127;ABRIL 25 HECHO /G4/ 03/10/19 AP200 EN LA MA?NA-AP200-04/09/18;1;26/03/2020
664;128;ABRIL 25 HECHO G4/ 26/10/19 AP200- CORRESPONDIA SEPTIEMBRE DIJO QU CAMBIO EL DE LA NEVERA- CORRESPONDIA AGOSTO ESTABA VIAJANDO-CAMBIO FEBRERO 05 2019-AP200-05-06-18 CORRESPONDIA ENERO;1;27/03/2020
343;129;ABRIL 27 HCHO/G4  26/10/19 09:00AM $40.000-CAMBIO 24/04/19 AP200-CAMBIO OCTUBRE INSTALA.SUPER MINI 10-04-18 ;1;27/03/2020
732;133;ABRIL 29 HECHO/ G4 AGOSTO ESTAN REMODELANDO COCINA-CAMBIO JUNIO 2018-PIDIO LLAMAR ENERO 2019;1;29/04/2020
313;131;ABRIL 29 HECHO/ G4 CAMBIO 01/08/19-AP200 09:00AM-AP200CAMBIO 19/02/19 AP200-30/08/18 ;1;19/02/2020
533;134;ABRIL 29 HECHO/ G4 CAMBIO 30/11/19 AP200 CADA 4MESES- CAMBIO 15/05/19-AP200-TRASLADO CAMBIO 04/01/19 AP200-10/09/18;1;15/04/2020
395;132;ABRIL 29 HECHO/ G4INSTA.AG2010 SERIE:099 26/09/19 10:00AM;1;29/04/2020
503;135;ABRIL 30 / G4/- CORRESPONDIA DICIEMBRE-INSTA.VACA SERIE: 5951    20/07/19 ;1;20/04/2020
671;270;AGOSTO 11/G4 06/02/2020 AP200- 04:00PM-INSTA SUPER MINI SERIE: OZN193053-066 11/09/19;1;1/08/2020
693;280;AGOSTO 14/ INSTA.SUPER MINI SERIE:OZN200022    05/02/2020 02:00PM;1;1/08/2020
483;264;AGOSTO 14/EP7   31/08/19- 09:00AM EP7 04-08-18 EN LA MA?NA;1;1/08/2020
333;292;AGOSTO 18/ AP200  INSTA. PA2008 SERIE: OZN200233-121 29/02/2020  01:00PM;1;1/08/2020
319;284;AGOSTO 21/g410/02/20 AP200EN LA MA?NA LLAMAR ANTES DE IR AP200-CAMBIO 05/08/19-AP200CAMBIO 11/02/19 -AP200-INSTA.JE9000GRANDE SERIE:6936;1;1/08/2020
367;287;AGOSTO 27/ G4;1;1/08/2020
607;288;AGOSTO 28/G4 CAMBIO G4 MULTIFILTRANTE;1;1/08/2020
568;293;"AGOSTO 6 DE 2020 17/01/2020 POLIDETH 10"" $50.900-G4 10""$97.400-EP10 BLOQUE $61.700";1;1/08/2020
405;265;AGOSTO 6/ G4   PA2008 CON G4  SERIE: OZN193389 05/12/2019 EN NOVIEMBRE SE INSTALOMCA PERO SE CAMBIO POR EL PA2008;1;1/08/2020
399;268;AGOSTO 6/ G4  13/02/20 FULL CARBON $45.000-CAMBIO 06/08/19 FULL CARBON $45MIL- EN LA MA?NA -CAMBIO 07/02/19 AP200-03-08-18 EN LA TARDE;1;1/08/2020
103;266;AGOSTO 6/ G4  14/02 EN LA TARDE EP7-CAMBIO 09/08/19 08:30AM- AP200-CAMBIO 07/02/19 AP200 04-08-18 09:OOAM;1;1/08/2020
686;267;AGOSTO 6/ G4 03/02/2020 AP200 09:00AM-CAMBIO 05/07/19 AP200-CAMBIO 31/01/19 AP200;1;1/08/2020
309;297;AGOSTO 8/ DISPENSADOR NEVERA;1;1/08/2020
221;271;AGOSTO/11/G4    10/02/20-AP200 EN LA MA?NA-CAMBIO 06/08/19 AP200-CAMBIO14-08-18-AP200;1;1/08/2020
471;272;AGOSTO/11/G4 08/02/2020 AP200 EN LA MA?NA-CAMBIO 03/08/19-AP200-CAMBIO 08/02/19  AP200 LLAMAR 07-08-18AP200 MIERCOLES 07/02/18 HORA:10:00M;1;1/08/2020
585;273;AGOSTO/11/G4 17/02/20 AP200 $40.000- CAMBIO 02/08/19-CAMBIO 14/02/19 40.000 AP200 20-08-18 ERA CAMBIO 16-08-18AP200 23 FEBRERO ;1;1/08/2020
556;274;AGOSTO/12/G4 -INSTA.DEKO JG EN ACERO SERIE: OZN193210-338   15/09/19;1;1/08/2020
577;275;AGOSTO/12/G410/12/19  08 A 10 DE LA MA?NA-CAMBIO 01/06/19 AP200 EN LA MA?NA 05/12/18 AP200;1;1/08/2020
638;276;AGOSTO/13/G4   INSTA.SUPER MINI CON G4 SERIE: OZN193718-263 04/01/2020;1;1/08/2020
489;277;AGOSTO/13/G4 14/01/2020 AP200-EN LA MA?NA -CAMBIO 02/01/19 EP7;1;1/08/2020
490;279;AGOSTO/14/G4  INSTA. PA2008 OZN2000103-182   04/02/2020;1;1/08/2020
441;278;AGOSTO/14/G4 10/02/2020 09:00AM AP200-CAMBIO 05/08/19-AP200-INSTA.PA2008 SERIE:2760   30/03/19 ;1;1/08/2020
425;285;AGOSTO/21/G4 22/02/2020 AP200 -CAMBIO 02/08/19-AP200-CAMBIO 04/02/19-AP200 03-08-18 EN LA TARDE;1;1/08/2020
207;27;AGOSTO/21/G4 28/02/20 09:00AM AP200-CAMBIO 07/09/19 AP200- 10:00AM INSTA SUPER MINI SERIE: 13763 11/04/19 ;1;1/08/2020
368;286;AGOSTO/25/G4 06/12/18-FULL CARBON-12-06-18EN LA MA?NA;1;1/08/2020
330;269;AGOSTO/7/G4   INSTA. JE9000MINI SERIE: OZN20017    12/02/2020;1;1/08/2020
253;5;AP200-ENERO 2018 -05-05-18 EN LA MA?NA;1;9/01/2020
609;247;AP200-ENERO 2018 -05-05-18 EN LA MA?NA;1;1/07/2020
634;229;CAMBIO  06/02/2020 AP200 03:00PM -CAMBIO 02/08/19-AP200-CAMBIO 20/02/19 AP200 10/08/18;1;1/07/2020
241;46;CAMBIO  09/02/19 EP7-08:00am  HECHO SABADO ENERO 27  9:00 A.M.;1;7/02/2020
741;98;CAMBIO  17/03/20  12:30 A 01:00PM-CAMBIO 23/09/19  AP200 08:00AM EL LLAMA-CAMBIO 15/02/19 13-08-18 AP200 02:00PMAP200 REALIZAR MEDIO DIA FEBRERO 1 DE 2018 ;1;20/03/2020
586;42;CAMBIO 01/02/2020 CAMBIO EP7  08:00AM-INSTA. PA2008 20/08/19 SERIE: OZN193052- 070;1;5/02/2020
479;42;CAMBIO 01/02/2020 EP7 10:00AM-CAMBIO 02/02/19 EP7 FEBRERO 03 HORA 900 EN ADELANTE;1;4/02/2020
314;103;CAMBIO 02 MARZO EN LA TARDE EP7-CAMBIO 09/03/19-HECHO CAMBIO 05-01-18CARBON EN BLOQUE;1;26/03/2020
279;86;CAMBIO 02/03/20 10:00AM AP200-CAMBIO 09/09/19 02:00PM AP200 CAMBIO 04/03/19 11:00am-ap200 CAMBIO 06-09-18-LUNES 05-03-18EN LA TARDE;1;2/03/2020
712;85;CAMBIO 02/03/2020 EN LA TARDE AP200-ELLAS LLAMAN-CORRESPONDIA DICIEMBRE PIDIO LLAMAR ENERO-CAMBIO 17/06/19 AP200-18/12/18 AP200;1;2/03/2020
312;41;CAMBIO 03/02/2020 04:00-04:30PM G4 $60.000-CAMBIO 07/03/19 G4 DESPUES DE 04:00PM-24/03/18 LE CORRESPONDIA EN NOVIEMBRE PIDIO LLAMAR EN ENERO 2019;1;13/03/2020
676;41;CAMBIO 03/02/2020 AP200 09:00AM-CAMBIO 05/07/19 AP200-CAMBIO 31/01/19 AP200;1;3/02/2020
305;44;CAMBIO 03/02/2020 AP200 Y REVISION DISPENSADOR-CAMBIO 03/08/19-AP200-CAMBIO 06/02/19 AP200-09/08/18 CAMBIO;1;8/02/2020
554;87;CAMBIO 03/03/20  (2) AP200  CDA 8MESES- Hoy MARZO 9 EN LA TARDE se le instalo el del pap?;1;2/03/2020
403;88;CAMBIO 03/03/20 04:00PM AP200--CAMBIO 09/09/19 DESPUES DE 03:00PM AP200;1;2/03/2020
530;104;CAMBIO 03/03/20 EP7 $60.000-CAMBIO 04/03/19 EP7 60.000-ELLA PASA ABONO 20MIL DEBE 15MIL-AP200-08-08-18;1;3/03/2020
570;89;CAMBIO 04/03/20 AP200-CAMBIO 16/09/19 02:00PM-2:30PM EN LACAMBIO 16/03/19 AP200-03/09/18 A PARTIR DE LAS 02:00PM;1;2/03/2020
538;86;CAMBIO 04/03/20 EN LA TARDE AP200-CAMBIO 07/09/19-AP200- 09 ?10 INSTA. PA2008 SERIE: 006 04/04/19 ;1;2/03/2020
633;106;CAMBIO 04/MARZO/2020 G4 DESPUES DE LAS 09:00AM   INSTA. MCA SERIE: OZN192789 18/09/19 ;1;5/03/2020
612;252;CAMBIO 05/02/2020-AP200-CAMBIO 31/08/19-DESPUES DE LAS 10:00AP200CAMBIO 08/12/18;1;1/07/2020
620;43;CAMBIO 05/02/2020-AP200-CAMBIO 31/08/19-DESPUES DE LAS 10:00AP200CAMBIO 08/12/18;1;6/02/2020
713;45;CAMBIO 06/02/2020 AP200- 04:00PM-INSTA SUPER MINI SERIE: OZN193053-066 11/09/19;1;6/02/2020
727;102;CAMBIO 06/03/20 EP7 03:00PM;1;25/03/2020
204;252;"CAMBIO 06/04/19EP10-POLIDETH 10""-CARBONGRANULADO 10""-Y LUZ ULTRAVIOLETA FEBRERO-$202.000-EP10-POLIDETH 10""-CARBONGRANULADO 10"" 26-02-18";1;1/07/2020
553;45;CAMBIO 06/FEB EN LA MA?NA $30.000-CAMBIO 12/07/19 AP200 ;1;6/02/2020
262;229;CAMBIO 07/01/2020 AP200- AMBIO 22/07/19 09:00AM AP200  INSTA.PA2008 SERIE:2337;1;1/07/2020
637;2;CAMBIO 07/01/2020 AP200- AMBIO 22/07/19 09:00AM AP200  INSTA.PA2008 SERIE:2337;1;7/01/2020
459;3;CAMBIO 07/01/2020 -EP7 03-09-18 EN LA MA?NA-INSTALA.JE9000GRANDE 27-04-18;1;7/01/2020
560;227;CAMBIO 07/01/2020-AP200 EN LA TARDE-CAMBIO 10/07/19 AP200-CAMBIO 17/12/18  AP200;1;1/07/2020
601;7;CAMBIO 07/01/2020-AP200 EN LA TARDE-CAMBIO 10/07/19 AP200-CAMBIO 17/12/18  AP200;1;9/01/2020
220;49;CAMBIO 07/02/20 09:00-09:30AM EP7-CAMBIO 17/08/19 AP200-CAMBIO 23/02/19 AP200;1;10/02/2020
302;90;CAMBIO 07/03/20 AP200-CAMBIO 05/08/19-AP200INSTA.DEKO JG EN ACERO SERIE:0299 SE REPORTO 97 15/03/19;1;2/03/2020
463;339;CAMBIO 07/03/20 AP200-CAMBIO 05/08/19-AP200INSTA.DEKO JG EN ACERO SERIE:0299 SE REPORTO 97 15/03/19;1;7/10/2020
398;102;CAMBIO 07/03/20 EN LA MA?NA-EP7-LLAMAR MARZO CORRESPONDIA FEBRERO-CAMBIO 02/02/19 EP7 Enero 26 hora 3:00p.m.;1;24/03/2020
529;394;CAMBIO 07/12/19 EP7-INSTA. SUPER MINI SERIE: 104  0ZN192758  19/07/19;1;14/12/2020
226;281;CAMBIO 08/01/2020 09:30AM-AP200 CAMBIO 12/07/19 AP200-CAMBIO 14/01/19 AP200;1;1/08/2020
307;6;CAMBIO 08/01/2020 09:30AM-AP200 CAMBIO 12/07/19 AP200-CAMBIO 14/01/19 AP200;1;8/01/2020
537;4;CAMBIO 08/01/2020 AP200 EN LA MA?NA-CAMBIO 08/07/19 AP200-CAMBIO 08/01/19AP200-hacer cambio 06-07-18;1;8/01/2020
658;8;CAMBIO 08/01/2020 EP7 + SERVICIO TECNICO;1;10/01/2020
627;46;CAMBIO 08/02/2020 AP200 EN LA MA?NA-CAMBIO 03/08/19-AP200-CAMBIO 08/02/19  AP200 LLAMAR 07-08-18AP200 MIERCOLES 07/02/18 HORA:10:00M;1;8/02/2020
723;51;CAMBIO 08/02/2020 AP200-CAMBIO 01/08/19-AP200 ANTES DE LAS 10:00AM-13/02/19 CAMBIO-AP200-18-08-18;1;12/02/2020
645;50;CAMBIO 08/02/2020 EP7 08:00AM-08:30-INSTA.SUPER MINI SERIE: 193 30/09/2019;1;11/02/2020
518;282;CAMBIO 08/08/19-EP7-SERVICIO TECNICO NO SALE AGUA NO PRENDE SWITCHE-EP7-27/11/18;1;1/08/2020
298;234;CAMBIO 09/01/2020 AP200-CAMBIO 05/07/19-AP200-CAMBIO 05/12/18 AP200;1;1/07/2020
656;12;CAMBIO 09/01/2020 AP200-CAMBIO 05/07/19-AP200-CAMBIO 05/12/18 AP200;1;12/01/2020
462;91;CAMBIO 09/03/20 AP200 04:30PM-INSTA. DEKO JG EN ACERO SERIE: 352 OZN193217    24/09/19 ;1;2/03/2020
322;14;CAMBIO 10/01/2020 EP7 -INSTA. PA2008 SERIE: 021  21/05/19;1;12/01/2020
615;5;CAMBIO 10/01/2020 EP7-07:30AM-CAMBIO 05/01/19 INSTALACION 16-08-18SUPER MINI 13600;1;10/01/2020
683;10;CAMBIO 10/01/2020-AP200 - ;1;10/01/2020
700;63;CAMBIO 10/02/20 AP200;1;21/02/2020
680;48;CAMBIO 10/02/20 AP200  08:00AM-CAMBIO 12/08/19-AP200-cambio 08/02/19 08,00 am INSTALACION SUPER MINI SERIE:13663;1;12/02/2020
616;46;CAMBIO 10/02/20 AP200EN LA MA?NA LLAMAR ANTES DE IR AP200-CAMBIO 05/08/19-AP200CAMBIO 11/02/19 -AP200-INSTA.JE9000GRANDE SERIE:6936;1;9/02/2020
706;47;CAMBIO 10/02/2020 09:00AM AP200-CAMBIO 05/08/19-AP200-INSTA.PA2008 SERIE:2760   30/03/19 ;1;10/02/2020
662;47;CAMBIO 10/02/20-AP200 EN LA MA?NA-CAMBIO 06/08/19 AP200-CAMBIO14-08-18-AP200;1;11/02/2020
440;232;CAMBIO 10/07/19 EP7- 06/07/18;1;1/07/2020
514;18;CAMBIO 10-01-2020 AP200- LLAMAR 14/06/19 EN LA TARDE CAMBIO 03/12/18 AP200;1;14/01/2020
525;6;CAMBIO 11/01/2020 09:00AM EP7-$75.000 CAMBIO 12/01/19 en$75.000 EP7- HECHO HOY ENERO 23;1;10/01/2020
587;13;CAMBIO 11/01/2020 AP200-CAMBIO 13/07/19 AP200 CAMBIO 12/01/19 AP200-07-07-18 EN LA MA?NA;1;12/01/2020
649;234;CAMBIO 11/01/2020 AP200-CAMBIO 13/07/19 AP200 CAMBIO 12/01/19 AP200-07-07-18 EN LA MA?NA;1;1/07/2020
317;11;CAMBIO 11/01/2020 EN LA MA?NA- CAMBIO 13/07/19 AP200CAMBIO 15/01/19 AP200-16-07-18 10:00AM;1;11/01/2020
622;229;CAMBIO 11/01/2020 EN LA MA?NA- CAMBIO 13/07/19 AP200CAMBIO 15/01/19 AP200-16-07-18 10:00AM;1;1/07/2020
603;107;CAMBIO 11/03/2020 G4MULTIFILTRANTE-INSTA.PA2008 OZN193216-084  03/10/2019;1;6/03/2020
386;290;CAMBIO 12/02/2020-AP200 -CAMBIO 06/08/19-AP200CAMBIO  28/02/19 AP200-22/09/18;1;1/08/2020
564;52;CAMBIO 12/02/2020-AP200 -CAMBIO 06/08/19-AP200CAMBIO  28/02/19 AP200-22/09/18;1;17/02/2020
411;108;CAMBIO 13/01/2020 AP200;1;13/03/2020
692;19;CAMBIO 13/01/2020 AP200;1;13/01/2020
575;251;CAMBIO 13/01/2020-AP200 EN LA MA?NA-INSTA.DEKO FRUTAS NEGRO 16/08/19 SERIE: OZN192453;1;1/07/2020
711;17;CAMBIO 13/01/2020-AP200 EN LA MA?NA-INSTA.DEKO FRUTAS NEGRO 16/08/19 SERIE: OZN192453;1;13/01/2020
501;53;CAMBIO 13/02/20 FULL CARBON $45.000-CAMBIO 06/08/19 FULL CARBON $45MIL- EN LA MA?NA -CAMBIO 07/02/19 AP200-03-08-18 EN LA TARDE;1;19/02/2020
250;92;CAMBIO 13/03/20 AP200 08:00AM-CAMBIO 01/08/19-AP200-AP200CAMBIO 05/02/19 ap200-NUEVO-ap200 03-08-18 08:00AM;1;2/03/2020
281;93;CAMBIO 13/03/20 EN LA MA?NA -CAMBIO 13/09/19 02:00PM-03:00PM CAMBIO 05/03/19 ERA CAMBIO 20/02/19 EN LA TARDE AP200-16-08-18 02:00PM-03:00PM;1;2/03/2020
495;101;CAMBIO 13/03/2020 EP7 EN LA MA?NA-CAMBIO 11/03/19-01-03-2018- EP7;1;23/03/2020
472;15;CAMBIO 14/01/2020 AP200-EN LA MA?NA -CAMBIO 02/01/19 EP7;1;14/01/2020
404;52;CAMBIO 14/02 EN LA TARDE EP7-CAMBIO 09/08/19 08:30AM- AP200-CAMBIO 07/02/19 AP200 04-08-18 09:OOAM;1;18/02/2020
267;291;CAMBIO 14/02/2020  CANT.: 8 FULLCARBON-10 AP200;1;1/08/2020
650;54;CAMBIO 14/02/2020  CANT.: 8 FULLCARBON-10 AP200;1;21/02/2020
493;57;CAMBIO 14/02/2020 EP7- EP7-01/02/19 EN LA TARDE;1;24/02/2020
360;58;CAMBIO 14/02/2020 EP7-REINSTALACION CON MANGUERA Y REPUESTOS $125.000  ;1;25/02/2020
606;56;CAMBIO 14/02/2020 FULL CARBON RACOR GRATIS TENIA GOTEO;1;23/02/2020
225;16;CAMBIO 15/01/2020 AP200 EN LA MA?NACAMBIO 20/07/19 AP200  09:00AMCORRESPONDIA JUNIO-INSTA.DEKO JG SERIE:0255 09/01/19;1;15/01/2020
300;11;CAMBIO 15/01/2020 AP200 EN LA MA?NACAMBIO 20/07/19 AP200  09:00AMCORRESPONDIA JUNIO-INSTA.DEKO JG SERIE:0255 09/01/19;1;1/07/2020
391;96;CAMBIO 16/03/20 08:00AM-08:30AM LLEVAR UN BOTON REDONDO $8.000-CAMBIO 15/08/19-AP200-09:00AM INSTA. DEKO NEGRO SERIE:1054   07/03/19 ;1;17/03/2020
487;95;CAMBIO 16/03/20 AP200 EN LA MA?NA - CAMBIO 14/09/19 EN LA MA?NA-CAMBIO 16/03/19 -AP200-29/09/18;1;16/03/2020
508;94;CAMBIO 16/03/20 AP200 EN LA MA?NA -CAMBIO 14/09/19 AP200-CAMBIO 28/03/19-CORRESPONDIA ENERO AP200-02-07-18;1;2/03/2020
242;107;CAMBIO 16/03/20 G4 $30.000 Y REINSTALACI?;1;16/03/2020
336;96;CAMBIO 16/03/2020 ap200 $40.000;1;18/03/2020
402;110;CAMBIO 16/03/2020 EP10-POLIDETH-AP200 13-09-18;1;13/03/2020
345;251;CAMBIO 16/11/19 09:30AM 10:00AM AP200 -CONFIRMAR 07/NOVCAMBIO 13/05/19 AP200-CAMBIO NOVIEMBRE 2018-AP200;1;1/07/2020
630;22;"CAMBIO 17/01/2020 POLIDETH 10"" $50.900-G4 10""$97.400-EP10 BLOQUE $61.700";1;17/01/2020
453;60;CAMBIO 17/02/20 AP200 $40.000- CAMBIO 02/08/19-CAMBIO 14/02/19 40.000 AP200 20-08-18 ERA CAMBIO 16-08-18AP200 23 FEBRERO ;1;14/02/2020
739;58;CAMBIO 17/02/2020 EP7 $60MIL-AP200 $30MIL-CAMBIO 04/01/19  03:00pm 1 EP7 Y 1 AP200- HECHO ENERO 10;1;17/02/2020
381;97;CAMBIO 17/03/20 AP200-INSTA.PA2008 SERIE:2687;1;19/03/2020
346;99;CAMBIO 17/03/20 EP7-CAMBIO 19/03/19  02-03-18 --EP7;1;21/03/2020
598;100;CAMBIO 17/03/2020 EP7-CORRESPONDIA FEBREROCAMBIO 04/02/19 EP7 DESPUES DE 9 DE LA MA?NA;1;22/03/2020
414;20;CAMBIO 18/01/2020 AP200 EN LA MA?NA -CAMBIO 11/07/19 AP200-CAMBIO 26/01/19AP200 07-07-18;1;18/01/2020
532;228;CAMBIO 18/01/2020 AP200 EN LA MA?NA -CAMBIO 11/07/19 AP200-CAMBIO 26/01/19AP200 07-07-18;1;1/07/2020
624;22;CAMBIO 18/01/2020 G4-CAMBIO 12/04/19 G4  EL LLAMA 11-08-18 G4 ;1;12/01/2020
454;55;CAMBIO 18/02/20   2 AP200;1;22/02/2020
517;62;CAMBIO 18/02/2020 EP7   $60.000;1;18/02/2020
433;23;CAMBIO 20/01/2020  EP7;1;20/01/2020
301;66;CAMBIO 20/02/2020  08:30AM $40.000 -CORRESPONDIA ENEROCAMBIO 05/07/19 -AP200-EN LAMA?NA CAMBIO 19-12-18-AP200;1;23/02/2020
434;49;CAMBIO 20/02/2020 ANTES DE 11:00AM EP7-CORRESPONDIA OCTUBRE 2019 CAMBIO 12/04/19  AP200 01-10-18 INSTALACION CON G4 DEKO NEGRO 21-03-18 EN LA M?NA;1;9/02/2020
369;67;CAMBIO 20/02/2020 AP200 $45.000-CAMBIO AP200 $45.000 18/10/19;1;21/02/2020
227;61;CAMBIO 20/02/2020 EP7-CAMBIO 30/03/19EP7-CAMBIO 31-05-18- EP7;1;20/02/2020
282;238;CAMBIO 21/01/2020 EP7 $65.000 + INSTALACI? $30.000 CANCELA 22/01/2020;1;1/07/2020
397;24;CAMBIO 21/01/2020 EP7 $65.000 + INSTALACI? $30.000 CANCELA 22/01/2020;1;21/01/2020
524;377;CAMBIO 21/12/2019 EP7- 22/12/18;1;5/12/2020
734;25;CAMBIO 22/01/20 EP7 CAMBIO 18/01/19 INSTA.PA2008 25/08/18;1;22/01/2020
731;27;CAMBIO 22/01/2020 AP200 EN LA TARDE-CAMBIO 06/07/19-AP200CAMBIO 30/01/19 AP200-ARREGLO SWITCHE05-07-18 EN LA TARDE;1;22/01/2020
485;26;CAMBIO 22/01/2020 AP200 ENLA TARDE-CAMBIO 08/07/19-AP200 $40.000-CAMBIO 28/01/ 2019 AP200-HIZO CAMBIO CON OTRA EMPRESA PENSO QUE ERA ESTA MISMA EMPRESA;1;22/01/2020
698;64;CAMBIO 22/02/20 EN LA MA?NA-CAMBIO 22/08/19 AP200 Y REVISION-EL SR LLAMA 24/07/19-SE LLAMA 26 NO CONTESTA-INSTA. 17/01/19 AG2010 SERIE:281;1;21/02/2020
335;64;CAMBIO 22/02/2020 AP200 -CAMBIO 02/08/19-AP200-CAMBIO 04/02/19-AP200 03-08-18 EN LA TARDE;1;20/02/2020
256;29;CAMBIO 23/01/20 AP200 04:00PM;1;23/01/2020
623;29;CAMBIO 23/01/2020 AP200 EN LA TARDE-CADA 5 MESES CAMBIO 27/08/19 AP200 ;1;23/01/2020
696;357;CAMBIO 23/11/19 EN LA MA?NAEP7- 09-06-18;1;5/11/2020
447;67;CAMBIO 24/02/2020 CORRESPONDIA ENERO-CAMBIO 05/07/19-AP200-08/10/18;1;20/02/2020
408;30;CAMBIO 25-01-2020 AP200 $30.000 -CAMBIO 13/07/19 AP200-$30.000 EN LA MA?NA-CAMBIO 24/01/19- AP200CAMBIO JULIO 2018 ;1;25/01/2020
565;236;CAMBIO 25-01-2020 AP200 $30.000 -CAMBIO 13/07/19 AP200-$30.000 EN LA MA?NA-CAMBIO 24/01/19- AP200CAMBIO JULIO 2018 ;1;1/07/2020
481;69;CAMBIO 26/02/202-EP7 INSTA.PA2008 SERIE: OZN193111-041  06/09/19;1;20/02/2020
337;31;CAMBIO 27/01/2020 AP200-INSTA.DEKO CHEF BLANCO SERIE: 0ZN296 0ZN192329   02/08/19;1;27/01/2020
394;231;CAMBIO 27/01/2020 AP200-INSTA.DEKO CHEF BLANCO SERIE: 0ZN296 0ZN192329   02/08/19;1;1/07/2020
428;230;CAMBIO 27/01/2020 CAMBIO 29/07/19-AP200-CAMBIO 09/01/19 AP200-LLAMAR ENERO 2019-AP200-05-06-18;1;1/07/2020
470;33;CAMBIO 27/01/2020 CAMBIO 29/07/19-AP200-CAMBIO 09/01/19 AP200-LLAMAR ENERO 2019-AP200-05-06-18;1;29/01/2020
720;68;CAMBIO 27/02/20 EP7;1;23/02/2020
701;73;CAMBIO 27/02/20 EP7-CAMBIO 13/03/19  09:00AM - EP7- 2:00PM;1;20/02/2020
228;180;CAMBIO 28/11/19 02:00PM EP7-CORRESPONDIA MAYO PIDIO LLAMAR JULIO-EP7-02-05-18 DESPUES DE LAS 2:00PM;1;4/11/2020
482;235;CAMBIO 29/01/2020 AP200 EN LA MA?NA -CAMBIO 10/06/19 AP200-INSTA. 19/01/19 SUPER MINI SERIE: 13727;1;1/07/2020
631;29;CAMBIO 29/01/2020 AP200 EN LA MA?NA -CAMBIO 10/06/19 AP200-INSTA. 19/01/19 SUPER MINI SERIE: 13727;1;29/01/2020
452;70;CAMBIO 29/02/20 EP7-01/03/19 ;1;21/02/2020
582;34;CAMBIO 30/01/2020 AP200 DESPUES DE LAS 2 DE LA TARDE-CAMBIO 20/07/19 AP200en la ma?? -EP7 17-03-18 N LA MA?NA;1;30/01/2020
583;162;CAMBIO 30/09/19 AP200-CORRESPONDIA AGOSTO-INSTA. PA2008 SERIE:2485 28/03/19 ;1;25/05/2020
297;336;CAMBIO 30/10/19-EP7 04:00PM-04/10/18;1;3/10/2020
348;35;CAMBIO 31/01/2020   INSTALACION-EP7-MANGUERA;1;31/01/2020
460;33;CAMBIO 31/01/2020-ap200 -CAMBIO 26/07/19-AP200-SIEMPRE DICE QUE NO ESTA OZONISANDO-CAMBIO NOVIEMBRE AP200-03-05-18;1;26/01/2020
355;351;CAMBIO 31/10/19 EP7 08:00AM-08:30AM;1;2/11/2020
431;283;CAMBIO AGOSTO       INSTA.SUPER MINI SERIE:OZN200039-308   03/02/2020;1;1/08/2020
455;209;CAMBIO BUJIA Y ARREGLO;1;23/06/2020
423;59;CAMBIO DE PLANTA NUEVA SERIE: OZN0131 14/02/2020;1;14/02/2020
646;16;CAMBIO DE PLANTA SERIE: 199 10/01/2020;1;10/01/2020
352;376;CAMBIO DICI/19 EP7;1;4/12/2020
515;44;CAMBIO EP7 05/02/2020 EN LA MA?NA INSTA.PA2008 SERIE: OZN193215-083 05/09/19;1;7/02/2020
742;53;CAMBIO EP7 13/02/2020 EN LA TARDE-CAMBIO 12/08/19-AP200-CAMBIO AP200 12/02/19;1;20/02/2020
265;22;CAMBIO EP7 18/01/2020 ;1;18/01/2020
466;30;CAMBIO SWITCHES 22/01/2020 $20.000 ;1;22/01/2020
392;65;"COMPRO 2POLIDETH20""-2CARBON BLOQUE20"" 01/11/19--VINO COMPRO 2 juegos polideth 2juegos carbon en bloque 20""-03/04/19";1;22/02/2020
619;37;COMPRO SOLO PLANTA SUPER MINI SERIE:254 13/01/2020;1;8/01/2020
536;238;CUANDO PASE LA PANDEMIA Y TRABAJE EN EL SALON CAMBIO AP200 Y SERVICIO TECNICO DISPENSADOR 04/09/19-LLEVO SUPER MINI SERIE:OZN193053;1;1/07/2020
244;295;DEKO MANZANA G4;1;1/08/2020
534;405;DICIEMBRE /14 / AP200         MARZO FINALES AP200 FEBRERO-CAMBIO 10/07/19 AP200REVISION LE GOTEAAP200-CAMBIO06/12/18;1;13/12/2020
213;380;DICIEMBRE 01 /G4;1;8/12/2020
274;368;DICIEMBRE 01/AP200MAYO 23/ AP200/       08/11/19 AP200-INSTA. PA2008  SERIE: 2515   29/06/19 ;1;12/12/2020
458;379;DICIEMBRE 02 /G4;1;7/12/2020
424;378;DICIEMBRE 02 /G4  MAYO 11/AP200       CORRESPONDIA MARZO LLAMAR FIN ABRIL-CAMBIO 05/03/19- EP7 02:00PM miercoles 07-03-18;1;6/12/2020
449;397;DICIEMBRE 07/AP200      JUNIO 10/ AP200  DICIEMBRE 17 DE 2019 AP200;1;14/12/2020
284;34;DICIEMBRE 10/AP200   MAYO 23/AP200/     CAMBIO 06/11/19 AP200 08:00AM -CAMBIO 03/05/19 AP200;1;12/12/2020
362;400;DICIEMBRE 11/AP200 MAYO 7 PURIFICADOR PA2008 OZN921-OZN20276 (CLIENTE ORLANDO);1;13/12/2020
678;402;DICIEMBRE 12/AP200     26/11/19 AP200 09:00AM-CAMBIO 11/02/19 AP200-06-08-18 09:00AM;1;10/12/2020
521;403;DICIEMBRE 14/ AP200        JUNIO 11/AP200            04/12/19- (2 AP200) 1ER PISO Y 2DO PISO-CAMBIO 14/06/19 AP200;1;11/12/2020
273;404;DICIEMBRE 14/ AP200    JUNIO 09/ AP200    INSTA. SUPER MINI SERIE: 208-CARLOS ARIEL 09/01/2020;1;12/12/2020
563;375;DICIEMBRE 14/ EP7 BLOQUE                                    23/10/19 EP7 07    :30AM-08:00AM-CAMBIO 25/ 07:30 AM.AP200-30/08/18 ;1;3/12/2020
277;374;DICIEMBRE 14/ EP7 BLOQUE CLIENTA ORLANDO;1;2/12/2020
652;388;DICIEMBRE 16/G4;1;6/12/2020
205;389;DICIEMBRE 16/G4   27 HCHO/G4  26/10/19 09:00AM $40.000-CAMBIO 24/04/19 AP200-CAMBIO OCTUBRE INSTALA.SUPER MINI 10-04-18 ;1;7/12/2020
640;390;DICIEMBRE 16/G4   ABRIL 27 HCHO/G4  /  INSTA.PA2008 CON G4-SERIE: 030  0ZN 192790  05/08/19;1;8/12/2020
251;391;DICIEMBRE 16/G4 MARZO 24- INSTA.SUPER MINI CON G4-SERIE: 097 0ZN192757 03/08/19 ;1;9/12/2020
370;392;DICIEMBRE 17/G4     ABRIL 24-HECHO G4 / 10/10/19 AP200-CAMBIO 10/04/19 AP200-INSTA. PA2008 SERIE:2713 24/11/18;1;10/12/2020
259;282;DICIEMBRE 18/G4;1;13/12/2020
641;381;DICIEMBRE 2/G4 12/12/19 EP7-CAMBIO 10/01/19 EP7-06-04-18;1;9/12/2020
697;413;DICIEMBRE 21/ G4 Y AP200      MAYO 13  G4 Y AP200 FULL                           INSTA. JE9000MINI SERIE:OZN193051-014  19/09/19 ;1;13/12/2020
247;407;DICIEMBRE 22/AP200    MAYO 5/AP200  01/11/19 AP200 EN LA MA?NA-CAMBIO 27/04/19 AP200 03/10/18;1;10/12/2020
219;406;DICIEMBRE 22/AP20016/03/20 08:00AM-08:30AM LLEVAR UN BOTON REDONDO $8.000-CAMBIO 15/08/19-AP200-09:00AM INSTA. DEKO NEGRO SERIE:1054   07/03/19 ;1;14/12/2020
480;396;DICIEMBRE 28 DOS G4 NEVERA Y PURIFICADOR                JUNIO 23/AP200          09/12/19 AP200-CAMBIO 13/06/19 AP200-CAMBIO 14/12/18-AP200;1;10/12/2020
670;373;DICIEMBRE 3/EP7  Y FILTRO NEVERA         04/12/19 EP7--INSTA.DEKO NEGROFRUTAS SERIE:0ZN294 26/04/19;1;1/12/2020
344;382;DICIEMBRE 3/G4       ABRIL 21 HECHO G4/   03/12/19 09:00AM AP200-  31/07/19- CAMBIO 04/04/19 ;1;10/12/2020
484;220;DICIEMBRE 4/AP200 JUNIO 8/AP200      03/12/19   04/06/19 EN LA MA?NA-AP200 CAMBIO 15/12/18-EN JUNIO GLORIA LE HISO CAMBIO ELLA PENSO QUE ERA LA MISMA EMPRESA;1;13/12/2020
436;399;DICIEMBRE 6/AP200    05/02/2020-AP200-CAMBIO 31/08/19-DESPUES DE LAS 10:00AP200CAMBIO 08/12/18;1;11/12/2020
429;398;DICIEMBRE 7/AP200     MAYO 14/AP200   16/11/19 AP200-CAMBIO 10/05/19 AP200-NOVIEMBRE-18;1;10/12/2020
443;53;DICIEMBRE/21/G4 Y AP200;1;14/12/2020
716;386;DICIEMBRE11/G4    PROGRAMAR MANT. OTRO PURIFICADOR-CAMBIO 14/02/2020 FULL CARBON RACOR GRATIS TENIA GOTEO;1;4/12/2020
377;387;DICIEMBRE11/G4   09/12/19 AP200 CAMBIO 05/06/19 AP200-CAMBIO NOVIEMBRE 2018 CAMBIO 23/11/18 REINSTALACI? BUJIA NUEVA AP200;1;5/12/2020
594;233;ESPERAR QUE PASE CORONAVIRUS CORRESPONDIA ENERO-CAMBIO 11/07/19  AP200-$40.000CAMBIO 05/01/19 AP200 $40.000 LE CORESPONDIA CAMBIO SEPTIEMBRE 2018 ESTUVO CON GRADO DE LA HIJA LLAMAR ENERO 2019;1;1/07/2020
467;109;"FULL CARBON BLOQUE 10"" GAC $130.000- 10/03/20 ";1;10/03/2020
737;112;HECHO ABRIL 20/INSTA. MCA SERIE:  OZN193430 09/11/19;1;9/03/2020
491;115;HECHO ABRIL 24-/ 21/10/19 08:00AM 08:30 AP200-CAMBIO 07/04/19-AP200-30-04-18 8:30AM;1;12/03/2020
210;342;HECHO ABRIL 24-/cambio 24/10/19 ap200;1;1/10/2020
589;114;HECHO ABRIL 24-/cambio 24/10/19 ap200;1;11/03/2020
311;116;HECHO ABRIL 25 AP200/ CAMBIO 07/10/19 AP200- 07-ABRIL;1;13/03/2020
528;117;HECHO ABRIL25/ AP200  SE INSTALA FILTRO NEVERA;1;14/03/2020
359;105;HECHO MARZO 24- INSTA.SUPER MINI CON G4-SERIE: 097 0ZN192757 03/08/19 ;1;24/03/2020
571;89;HECHO MARZO FINALES AP200 FEBRERO-CAMBIO 10/07/19 AP200REVISION LE GOTEAAP200-CAMBIO06/12/18;1;2/03/2020
420;92;HECHOCAMBIO MARZO 24 -  ENERO-CAMBIO 16/07/19- AP200;1;2/03/2020
390;411;INST. DICIEMBRE 21/G4 MCA;1;11/12/2020
412;408;INST. DICIEMBRE 7/AP200 JE9000 GRANDE DOS CARCASAS;1;11/12/2020
707;167;INST. DICIEMBRE 7/AP200 JE9000 GRANDE DOS CARCASAS;1;12/12/2020
385;409;INST. DICIEMBRE 9/AP200 MCA;1;13/12/2020
261;410;INST. DICIEMBRE 9/G4 DEKO JG;1;14/12/2020
636;164;INST.DICIEMBRE18/G4 SUPERMINI;1;10/12/2020
608;78;INSTA MCA SERIE: OZN200103-OZN912   07/02/2020;1;22/02/2020
520;40;INSTA PA2008 SERIE: OZN193667-140 25/01/2020;1;11/01/2020
523;220;INSTA PA2008 SERIE: OZN193667-140 25/01/2020;1;1/07/2020
704;83;INSTA. 9D SUPERPROGRAMABLE CON G4 SERIE: 2431  19/02/20 ;1;20/02/2020
629;82;INSTA. DEKO JG EN ACERO CON G4  SERIE: OZN191384-131 19/02/20;1;23/02/2020
426;37;INSTA. DEKO NEGRO FRUTAS SERIE: OZN193716-1359 09/01/2020;1;7/01/2020
422;80;INSTA. DEKO TOUCH SERIE: OZN192710-016    13/02/2020;1;20/02/2020
497;84;INSTA. DISPENSADOR SERIE:         CON G4 20/02/20 ;1;22/02/2020
546;82;INSTA. DUCHA SERIE: OZN02584-1130 19/02/2020;1;22/02/2020
239;79;INSTA. JE9000MINI SERIE: OZN20017    12/02/2020;1;23/02/2020
358;77;INSTA. PA2008 OZN2000103-182   04/02/2020;1;21/02/2020
110;35;INSTA. PA2008 SERIE: OZN193317-144   03/01/2020;1;3/01/2020
321;36;INSTA. PA2008 SERIE: OZN193640-133   CARLOS ARIEL 08/01/2020;1;6/01/2020
486;38;INSTA. PA2008 SERIE: OZN200021 17/01/2020 ;1;9/01/2020
393;85;INSTA. PA2008 SERIE: OZN200233-121 29/02/2020  01:00PM;1;23/02/2020
736;35;INSTA. SUPER MINI SERIE: 208-CARLOS ARIEL 09/01/2020;1;5/01/2020
366;40;INSTA.DEKO BLANCO SERIE:OZN173083-735  30/01/2020 ;1;13/01/2020
719;39;INSTA.JE9000GRANDE SERIE:0ZN193584-7197 23/01/2020;1;10/01/2020
527;40;INSTA.MCA SERIE: OZN200020 28/01/2020 ;1;12/01/2020
341;84;INSTA.PA2008 SEIRE: 175    OZN200191 23/02/20 ;1;21/02/2020
735;35;INSTA.SUPER MINI CON G4 SERIE: OZN193718-263 04/01/2020;1;4/01/2020
438;337;INSTA.SUPER MINI SERIE: OZN200159   05/03/20;1;4/10/2020
236;75;INSTA.SUPER MINI SERIE:OZN200022    05/02/2020 02:00PM;1;23/02/2020
552;76;INSTA.SUPER MINI SERIE:OZN200039-308   03/02/2020;1;20/02/2020
289;164;INSTALACI? Y KIT DE INSTALACI? Y MANGUERA;1;6/10/2020
542;246;JULIO   GRATIS POR HABER RECOMENDADO AL HIJO PURIFICADORCAMBIO 10/01/2020-AP200 - ;1;1/07/2020
215;247;JULIO /06/AP200/                                                        06/01/2019 AP200-CAMBIO 17/07/19- AP200 LLAMAR 27/06/19-NOCONTESTA-DICIEMBRE 2018 AP200;1;1/07/2020
567;225;JULIO /13 / G4     23/11/19 AP200  GUAIMARAL G4;1;1/07/2020
569;223;JULIO 07 / G4     SE INSTALAO CARCASA EN LA NEVERA;1;1/07/2020
602;251;JULIO 11 AP200/CAMBIO 08/01/2020 AP200 EN LA MA?NA-CAMBIO 08/07/19 AP200-CAMBIO 08/01/19AP200-hacer cambio 06-07-18;1;1/07/2020
666;248;JULIO 11/ AP200                      08/01/2020 AP200 EN LA MA?NA-CAMBIO 08/07/19 AP200-CAMBIO 08/01/19AP200-hacer cambio 06-07-18;1;1/07/2020
285;249;JULIO 11/ AP200      23/01/20 AP200 04:00PM;1;1/07/2020
102;222;JULIO 11/ G4         22/11/19 G4 MULTIFILTRANTE $65.000 ;1;1/07/2020
625;225;JULIO 11/ G4    SE OBSEQUIA MULTIFILTRANTE G4;1;1/07/2020
600;258;JULIO 13 INSTALA MCA;1;1/07/2020
320;412;JULIO 13/ G4  REINSTALO PURIFICADOR;1;12/12/2020
500;224;JULIO 13/ G4  REINSTALO PURIFICADOR;1;1/07/2020
614;239;JULIO 14 G4/JUNIO 16/ G4;1;1/07/2020
206;239;JULIO 15 G4/CAMBIO EP7-05/09/19-RETIRO CAMBIO  03-11-18;1;1/07/2020
249;258;JULIO 17 INSTALA DEKO JG ACERO ;1;1/07/2020
474;259;JULIO 17 SUPERMINI;1;1/07/2020
540;237;JULIO 20 G4 / CAMBIO 31/01/2020-ap200 -CAMBIO 26/07/19-AP200-SIEMPRE DICE QUE NO ESTA OZONISANDO-CAMBIO NOVIEMBRE AP200-03-05-18;1;1/07/2020
255;263;JULIO 22 PURIFICADOR PA 2008  ;1;1/07/2020
721;244;JULIO 27 G4/ CAMBIO 29/01/2020 AP200 EN LA MA?NA -CAMBIO 10/06/19 AP200-INSTA. 19/01/19 SUPER MINI SERIE: 13727;1;1/07/2020
371;240;JULIO 27 G4/ CAMBIO 31/01/2020-ap200 -CAMBIO 26/07/19-AP200-SIEMPRE DICE QUE NO ESTA OZONISANDO-CAMBIO NOVIEMBRE AP200-03-05-18;1;1/07/2020
549;261;JULIO 28 JE 9000 GRANDE;1;1/07/2020
547;260;JULIO 28 PA 2002;1;1/07/2020
548;262;JULIO 28 SUPERMINI;1;1/07/2020
526;221;JULIO 3 /G4 MULTIFILTRANTE   22/01/2020 AP200 EN LA TARDE-CAMBIO 06/07/19-AP200CAMBIO 30/01/19 AP200-ARREGLO SWITCHE05-07-18 EN LA TARDE;1;1/07/2020
541;245;JULIO 30/ G4/;1;1/07/2020
208;255;JULIO 7    SE INSTALO  SUPERMINI 378;1;1/07/2020
714;254;JULIO 7 INSTALA JE9000 MINI  MULTIFILTRANTE;1;1/07/2020
304;254;JULIO 7 INSTALA MCA MULTIFILTRANTE;1;1/07/2020
611;255;JULIO 7 JE 9000 MINI;1;1/07/2020
669;256;JULIO 7 JE 9000 MINI;1;1/07/2020
584;257;JULIO 8 INSTALA DEKO JG ACERO;1;1/07/2020
535;226;JULIO/2    G4;1;1/07/2020
257;250;JULIO13/ AP200 ($40.000) SE REALIZA CTA. DE COBRO  22/01/2020 AP200 ENLA TARDE-CAMBIO 08/07/19-AP200 $40.000-CAMBIO 28/01/ 2019 AP200-HIZO CAMBIO CON OTRA EMPRESA PENSO QUE ERA ESTA MISMA EMPRESA;1;1/07/2020
699;187;JUNIO  17/G4      -SABADO 24-03-18 10:00AM- EP7;1;21/06/2020
413;178;JUNIO /06/ G4  INSTA. DEKO NEGRO FRUTAS SERIE: OZN193716-1359 09/01/2020;1;9/06/2020
626;213;JUNIO 02 / INSTALA SUPERMINI  SERIE OZN923955;1;29/06/2020
516;177;JUNIO 05/G4    INSTA. MCA SERIE:  OZN193580 28/12/2019 ;1;8/06/2020
559;194;JUNIO 09/ AP200      09/12/19-AP200-CAMBIO 15/06/19-AP200-18/12/18;1;15/06/2020
303;195;JUNIO 09/ AP200    INSTA. SUPER MINI SERIE: 208-CARLOS ARIEL 09/01/2020;1;16/06/2020
725;197;JUNIO 10 / AP200   11/12/19 FULL CARBON $40.000;1;18/06/2020
310;183;JUNIO 10 / G4   INSTA.JE9000GRANDE SERIE:0ZN193584-7197 23/01/2020;1;14/06/2020
498;196;JUNIO 10/ AP200  DICIEMBRE 17 DE 2019 AP200;1;17/06/2020
677;183;JUNIO 10/ G4  04/12/19-LLAMAR 11:00AM 04/12 SE LE ENVIO DISE?S PURIFIC.-CAMBIO 12/06/19 AP200;1;15/06/2020
639;201;JUNIO 11 / AP200          19/10/19 AP200 09:00AM-CAMBIO 11/03/19 07:30AM-AP200-19/09/18 OCTUBRE ;1;22/06/2020
710;212;JUNIO 11/ AP 300 CARCASA ENVIADA;1;26/06/2020
201;200;JUNIO 11/ AP200  ;1;21/06/2020
349;198;JUNIO 11/ AP200        22/10/19 CAMBIO 16/04/19 AP200-30-04-18 8:30AM;1;19/06/2020
691;199;JUNIO 11/AP200            04/12/19- (2 AP200) 1ER PISO Y 2DO PISO-CAMBIO 14/06/19 AP200;1;20/06/2020
617;36;JUNIO 12      /12/19 AP200+ 1MT 1/2 $20.000 CON MANO DE OBRA-CAMBIO 22/06/19 AP200 -LLAMAR 25/06/19 ESTA VIAJANDO-LLAMAR 31/05/19 CAMBIO 08/12/18AP200;1;25/06/2020
722;202;JUNIO 12/  AP200 ;1;23/06/2020
499;203;JUNIO 12/  AP200   CAMBIO 03/12/19 AP200- SERV TECNICO-;1;24/06/2020
724;173;JUNIO 12/ CARTUCHO EP7 BLOQUE  JUNIO 2019-CORRESPONDIA FEBRERODICIEMBRE 2018 EP7;1;2/06/2020
101;174;JUNIO 12/ EP7          02/08/19 EP7-30/08/18 EP7-(HECHO CAMBIO 05-01-18CARBON EN BLOQUE;1;3/06/2020
260;184;JUNIO 12/ G4;1;16/06/2020
351;213;JUNIO 15 / G4    PURIFIFICADOR PA2008;1;27/06/2020
445;204;JUNIO 15/ AP200  16/10/19 AP200-CAMBIO 16/04/19 07:00AM-AP200- 06-04-18;1;26/06/2020
475;161;JUNIO 16/ G4;1;17/06/2020
702;189;JUNIO 17 / G4 20/02/2020 AP200 $45.000-CAMBIO AP200 $45.000 18/10/19;1;24/06/2020
488;27;"JUNIO 17 /G4  LLAMAR JUNIO 17/    BUJIA  G4 MULT. 10"" $95.000 PARA UV-6 18/10/19";1;23/06/2020
740;188;JUNIO 17/ G4    EP7+KIT DE INSTALACI?+1 1/2 MANGUERA;1;22/06/2020
379;186;JUNIO 17/ G4   12/02/20-AP200 CAMBIO 20/08/19-CAMBIO 09/01/19-AP200-JULIO-18;1;20/06/2020
464;161;JUNIO 17/ G4   12/02/20-AP200 CAMBIO 20/08/19-CAMBIO 09/01/19-AP200-JULIO-18;1;18/06/2020
544;185;JUNIO 17/ G4   12/02/20-AP200 CAMBIO 20/08/19-CAMBIO 09/01/19-AP200-JULIO-18;1;19/06/2020
400;217;JUNIO 18/ PURIFICADOR DEKO TOUCH;1;28/06/2020
266;190;JUNIO 18/G4    05/12/19 EN LA MA?NA CAMBIO 06/06/19-AP200 CAMBIO 06/12/18 AP200;1;25/06/2020
473;213;JUNIO 19/G4;1;28/06/2020
354;215;JUNIO 2/ PA2002 ACERO;1;26/06/2020
550;206;JUNIO 23/AP200          09/12/19 AP200-CAMBIO 13/06/19 AP200-CAMBIO 14/12/18-AP200;1;28/06/2020
628;208;JUNIO 23/AP200    GANADORA PREMIO-INSTA. SUPER MINI SERIE: OZN193285-132 04/12/19;1;30/06/2020
551;207;JUNIO 23/AP200 DICIEMBRE 2019-AP200;1;29/06/2020
457;220;JUNIO 24 / PURIFICADOR MCA;1;23/06/2020
576;219;JUNIO 25/ PURIFICADOR MCA ;1;30/06/2020
332;192;JUNIO 26  1:00 P.M.   14/12/19 ANTES DE LAS 8 -INSTA. SUPER MINI SERIE: OZN923 11/06/19;1;20/06/2020
743;218;JUNIO 29/ DEKO NEGRO FRUTAS;1;29/06/2020
254;210;JUNIO 29/AP200     16/11/19 AP200 CONFIRMAR QUIERE NUEVO PURIFICADOR-CAMBIO 01/06/19 05:30PM AP200-CAMBIO 29/12/18 AP200;1;24/06/2020
388;173;JUNIO 3 /EP 7CAMBIO 08/06/19 -EP7cambio 10 marzo ;1;1/06/2020
684;216;JUNIO 3/ PURIFICADOR SUPER MINI;1;27/06/2020
275;175;JUNIO 3/G4       07/10/19 INSTALACION $20MIL Y G4 $60MIL- CAMBIO 04/02/19 G4 $60.000-23/06/18 G4;1;4/06/2020
681;175;JUNIO 3/G4      INSTA. PA2008 SERIE: OZN193317-144   03/01/2020;1;5/06/2020
468;211;JUNIO 30/ AP200;1;25/06/2020
555;214;JUNIO 30/ PURIFICADOR JE MINI;1;30/06/2020
673;192;JUNIO 4/ AP200        03/12/19  AP200-          06/06/19 10:30AM  AP200-INSTA. SUPER MINI SERIE: 13736 26/01/19;1;11/06/2020
406;176;JUNIO 4/G4         04/06/19 EP7-CAMBIO 28-05-18;1;6/06/2020
243;176;JUNIO 4/G4       INSTA.MCA SERIE: OZN200020 28/01/2020 ;1;7/06/2020
248;49;JUNIO 5/ AP200    INSTA.DEKO BLANCO SERIE:OZN173083-735  30/01/2020 ;1;12/06/2020
492;383;JUNIO 8/ AP200     06/12/19 AP200 08 O 09    19/02/19 AP200;1;1/12/2020
506;49;JUNIO 8/ AP200     06/12/19 AP200 08 O 09    19/02/19 AP200;1;13/06/2020
280;193;JUNIO 8/AP200      03/12/19   04/06/19 EN LA MA?NA-AP200 CAMBIO 15/12/18-EN JUNIO GLORIA LE HISO CAMBIO ELLA PENSO QUE ERA LA MISMA EMPRESA;1;14/06/2020
409;191;JUNIO/18 G4 MCA SERIE: OZN93627 18/12/19;1;26/06/2020
573;182;JUNIO/8/ G4 ;1;13/06/2020
647;181;JUNIO/8/ G4 ;1;12/06/2020
557;180;JUNIO/8/ G4      09/12/19 EN LA TARDEAP200 -CAMBIO 22/05/19 AP200-10-05-18 DESPUES DE LAS 11:00AM AP200;1;11/06/2020
233;179;JUNIO/8/ G4    INSTA. DEKO CHEF  CON G4 VIDRIO SERIE: OZN193050 05/10/2019;1;10/06/2020
694;147;MAYO /19/ AP200 03/10/19 AP200 /   -CAMBIO 22/01/2019 AP200-CAMBIO EN JUNIO 2018 PIDIO ;1;10/05/2020
357;149;MAYO 02/G4 02/12/19 AP200-VINO LA COMPRO 11/05/19-AP200 ;1;6/05/2020
618;154;MAYO 04/G4   CAMBIO 02/11/19-AP200-CAMBIO 31-05-19 AP200;1;13/05/2020
373;153;MAYO 04/G4   CAMBIO 05/10/19 AP200-CAMBIO 03/04/19-AP200 03/10/18 AP200;1;12/05/2020
283;155;MAYO 04/G4  CAMBIO 06/11/19 AP200- 7:00-7:30AMCAMBIO 10/05/19-AP200-02/11/18-29-05-18-AP200;1;14/05/2020
451;167;MAYO 05 PURIFICADOR PA2008;1;26/05/2020
579;350;MAYO 05 PURIFICADOR PA2008     MAYO 5/AP200  08/11/19-AP200-01-05-18 EN LA MA?NA;1;1/11/2020
401;168;MAYO 11 PURIFICADOR SUPERMINI;1;28/05/2020
218;161;MAYO 11/ G4/      08/08/19AP200-CAMBIO 09/01/19- ap200CORRESPONDIA DICIMEBRE PIDIO LLAMAR 08 ENERO-CAMBIO 26/06/18;1;23/05/2020
331;160;MAYO 11/29O;1;21/05/2020
430;160;MAYO 11/29OCAMBIO 26/11/19 AP200   ;1;20/05/2020
651;160;MAYO 11/2O  O 06/11/19 02:00PM-04:00PM-AP200CAMBIO 20/05/19 AP200- DESPUES 08:30AMAP200 - LLAMAR 30/04/19;1;22/05/2020
217;146;MAYO 11/AP200       CORRESPONDIA MARZO LLAMAR FIN ABRIL-CAMBIO 05/03/19- EP7 02:00PM miercoles 07-03-18;1;8/05/2020
276;145;MAYO 11/AP200    INSTA. DEKO CHEF SERIE: OZN193386-1324 ;1;7/05/2020
705;349;MAYO 11/AP200    INSTA. DEKO CHEF SERIE: OZN193386-1324 ;1;8/10/2020
347;169;MAYO 12 PURIFICADOR DEKO JG;1;29/05/2020
730;166;MAYO 13  G4 Y AP200 FULL                           INSTA. JE9000MINI SERIE:OZN193051-014  19/09/19 ;1;23/05/2020
663;161;MAYO 14/ G4   INSTA. PA2008 SERIE:0ZN193431 28/11/19;1;24/05/2020
356;147;MAYO 14/AP200   16/11/19 AP200-CAMBIO 10/05/19 AP200-NOVIEMBRE-18;1;9/05/2020
427;92;MAYO 14/G4  Y AP200   SE REVIZ?EQUIPO;1;24/05/2020
286;138;MAYO 2 /AP200 SERVICIO TECNICO;1;1/05/2020
365;170;MAYO 22/ AP200/;1;20/05/2020
234;56;MAYO 23/ AP200/       08/11/19 AP200-INSTA. PA2008  SERIE: 2515   29/06/19 ;1;4/05/2020
605;125;MAYO 23/AP200/     CAMBIO 06/11/19 AP200 08:00AM -CAMBIO 03/05/19 AP200;1;11/05/2020
655;165;MAYO 27/G4;1;20/05/2020
372;393;MAYO 29/G4;1;11/12/2020
410;171;MAYO 29/G4;1;22/05/2020
531;171;MAYO 29/G5;1;23/05/2020
396;166;MAYO 30/G4   05/12/19 AP200-INSTA.PA2008 09/07/19 EN LA TARDE SERIE: OZN192756;1;22/05/2020
621;165;MAYO 30/G4/     03/12/19  EN LA MA?NA AP200-CAMBIO 12/06/19- AP200 CAMBIO 05/01/19 AP200 01-08-18 03:00PM;1;21/05/2020
596;150;MAYO 4 /G4  Y REVISI? DE PLANTA CAMBIO 08/08/19 G4 12:30PM-1:30PM;1;8/05/2020
690;149;MAYO 4 /G4/Y  CON MULTIFILTRANTE G415/10/19 AP200;1;7/05/2020
308;139;MAYO 4/ AP200 14/09/19 AP200 CANCELA 16/09/19-CAMBIO 01-09-18 EN LA MA?NA AP200 EN LA TARDE 3:00PM;1;1/05/2020
668;363;MAYO 4/ AP200 14/09/19 AP200 CANCELA 16/09/19-CAMBIO 01-09-18 EN LA MA?NA AP200 EN LA TARDE 3:00PM;1;4/11/2020
674;151;MAYO 4/G4  30/09/19 G4 FEBRERO 05 DE 2018;1;10/05/2020
418;152;MAYO 4/G4 09/11/19 AP200-CAMBIO 09/05/19 AP200-CAMBIO NOVIEMBRE AP200-TRASLADO 02-05-18 3:00PM;1;11/05/2020
353;151;MAYO 4/G4 INSTA. DEKO JG EN ACERO SERIE:  OZN193390 SEG? MOV. NO TENIA ORDEN INSTALACION;1;9/05/2020
659;11;MAYO 5 /G4/ CON MULTIFILTRANTE G4;1;15/05/2020
448;141;MAYO 5/AP200  01/11/19 AP200 EN LA MA?NA-CAMBIO 27/04/19 AP200 03/10/18;1;3/05/2020
494;140;MAYO 5/AP200  08/11/19-AP200-01-05-18 EN LA MA?NA;1;2/05/2020
209;156;MAYO 6/ G4/  06/11/19 10:00AM AP200-CAMBIO 13/04-AP200-19-04-18 2:30PM;1;16/05/2020
232;172;MAYO 7 / PA 2008;1;24/05/2020
376;167;MAYO 7 PURIFICADOR PA2008 OZN921-OZN20276 (CLIENTE ORLANDO);1;27/05/2020
374;142;MAYO 7/AP200   EL LLAMA-CAMBIO AP200 06/09/19;1;4/05/2020
728;159;MAYO 8/ G4 CAMBIO 12/11/19 AP200-CAMBIO 19/03/19 04-09-18 08:00AMAP200- viernes 9 de febrero hora 8:00 a.m.;1;19/05/2020
476;145;MAYO 8/AP200CAMBIO 30/10/19 AP200-CAMBIO 28/03/19 AP200-CORRESPONDIA ENERO ;1;6/05/2020
610;172;MAYO 9/ DEKO JG ;1;25/05/2020
212;1;MAYO 9/AP200    INSTA.DEKO FRUTAS NEGRO SERIE: OZN193387- 1321 13/12/19 ;1;4/05/2020
278;1;MAYO 9/AP200  FEBRERO CDA 3 MESES-INSTA.SUPER MINI SERIE: OZN192758  05/09/19;1;5/05/2020
660;163;MAYO/ 18/G4      14/09/19 AP200INSTA.SUPER MINI SERIE:13762;1;26/05/2020
211;158;MAYO/07/G4;1;18/05/2020
387;164;MAYO/18/ G4 /    18/05/19-EP7-08-06-18 ;1;27/05/2020
688;170;MAYO/20/ G4;1;21/05/2020
290;164;MAYO/20/ G4 /        01/11/19 -AP200;1;28/05/2020
432;145;MAYO/21/ G4 /;1;29/05/2020
595;145;MAYO/21/ G4 / SE LE CAMBIO TAPA CARCASA;1;30/05/2020
718;157;MAYO7/ G4/       INSTA. AG2010 SERIE:OZN0132  23/12/2019;1;17/05/2020
224;143;MAYO7/AP200    CAMBIO 06/11/19-AP200-CAMBIO 06/05/19 AP200-25-04-18 3:00PM;1;4/05/2020
258;364;MAYO7/AP200    CAMBIO 06/11/19-AP200-CAMBIO 06/05/19 AP200-25-04-18 3:00PM;1;5/11/2020
715;142;MAYO7/AP200  09/11/19 AP200-CAMBIO 14/05/19-AP200;1;5/05/2020
733;144;MAYO7/AP200  INSTA. PA2008 SERIE:     17/12/19;1;4/05/2020
667;353;NOVIEMBRE  20/g4;1;4/11/2020
682;366;NOVIEMBRE 02/ PURIFICADOR SUPER MINI-G4;1;7/11/2020
580;367;NOVIEMBRE 02/PURIFICADOR PA 2008-G4;1;4/11/2020
592;368;NOVIEMBRE 10/ PURIFICADOR PA 2002-FULL CARBON;1;6/11/2020
539;369;NOVIEMBRE 10/ PURIFICADOR PA 2002-G4;1;4/11/2020
446;370;NOVIEMBRE 20 / PURIFICADOR MCA-G4;1;5/11/2020
442;371;NOVIEMBRE 23/PURIFICADOR PA 2002-G4;1;6/11/2020
543;365;NOVIEMBRE 27/AP200 PARA NOVIEMBRE 2021 PORQUE LLEVO DOS FULL CARBON;1;6/11/2020
703;354;NOVIEMBRE 27/G4;1;5/11/2020
708;356;NOVIEMBRE 30/G4CAMBIO EP7 28/11/19 NOVIEMBRE;1;7/11/2020
306;359;NOVIEMBRE 4/ AP200 ;1;7/11/2020
574;361;NOVIEMBRE 5/AP200;1;5/11/2020
675;360;NOVIEMBRE 5/AP200  EN MAYO CON OTRA -  CAMBIO DICIEMBRE/19 AP200;1;4/11/2020
456;362;NOVIEMBRE 6/AP200;1;6/11/2020
561;368;NOVIEMBRE 7/ PURIFICADOR DEKO BLANCO MZNA -G4;1;5/11/2020
419;372;NOVIEMBRE 9/ PURIFICADOR PA 2008 PN -G4;1;7/11/2020
588;352;NOVIEMBRE/G4 (2) / NEVERA Y PURIFICADOR     ABRIL25/ AP200  SE INSTALA FILTRO NEVERA;1;3/11/2020
293;253;NUEVA DIRECCI? SE LE HIZO TRASLADO;1;1/07/2020
465;340;OCTUBRE 12/G4/     INSTA. DEKO TOUCH SERIE: OZN192710-016    13/02/2020;1;8/10/2020
672;334;OCTUBRE 16/G4/;1;1/10/2020
519;341;OCTUBRE 26/ AP200/ SERVICIO TECNICO;1;1/10/2020
644;335;OCTUBRE 27/G4       ABRIL 06 / AP200;1;2/10/2020
383;243;OCTUBRE/2018-G4;1;1/07/2020
558;242;OCTUBRE/2018-G4;1;1/07/2020
509;296;PA2008 G4;1;1/08/2020
339;81;PLANTA NUEVA DEKO TOUCH SERIE: OZN1927104-037 ?OZN1927114-037  20/02/2020 ENVIADO POR CARLOS ARIEL;1;21/02/2020
593;32;POLIDETH $50MIL+MANT.BUJIAS ESTABAN TAPADAS $20MIL 28/01/2020;1;28/01/2020
272;333;PURIFICADOR DEKO BLANCO MZNA ;1;24/09/2020
361;329;PURIFICADOR DEKO JG;1;20/09/2020
435;348;PURIFICADOR DEKO JG;1;7/10/2020
513;332;PURIFICADOR DEKO JG;1;23/09/2020
599;298;PURIFICADOR DEKO JG / 17-08-20;1;1/08/2020
642;344;PURIFICADOR FRESA;1;3/10/2020
738;330;PURIFICADOR MCA MINI/ G4;1;21/09/2020
389;299;PURIFICADOR MCA/10-08-20;1;1/08/2020
545;345;PURIFICADOR PA 2002;1;4/10/2020
648;343;PURIFICADOR PA 2008;1;2/10/2020
687;331;PURIFICADOR PA 2008 PUNTERAS NEGRAS ;1;22/09/2020
415;328;PURIFICADOR PA 2008/G4;1;19/09/2020
679;327;PURIFICADOR PA 2008/G4;1;18/09/2020
238;300;PURIFICADOR PA2008 / 17-08-20;1;1/08/2020
653;294;PURIFICADOR SUPER MINI / G4/ 10-08-20;1;1/08/2020
504;71;REINSTALACI? 01/03/2020;1;22/02/2020
572;74;REINSTALACI? 28/02/2020 04:00PM $30.000;1;21/02/2020
240;63;REINSTALACION 19/02/20 $40.000;1;19/02/2020
685;111;REVISION HACE CORTO PLANTA- 09/03/20-E22INSTA PA2008 CON G4  SERIE: OZN193389 05/12/2019 EN NOVIEMBRE SE INSTALOMCA PERO SE CAMBIO POR EL PA2008;1;5/03/2020
363;45;REVISION PURIFICADOR 05/02/20 ;1;9/02/2020
291;9;REVISION PURIFICADOR 08/01/2020;1;11/01/2020
665;28;REVISION PURIFICADOR 22/01/2020 ;1;22/01/2020
316;284;SEPIEMBRE 15/ AP200 02/03/20 10:00AM AP200-CAMBIO 09/09/19 02:00PM AP200 CAMBIO 04/03/19 11:00am-ap200 CAMBIO 06-09-18-LUNES 05-03-18EN LA TARDE;1;20/09/2020
421;323;SEPIEMBRE 16/ AP200  17/03/20  12:30 A 01:00PM-CAMBIO 23/09/19  AP200 08:00AM EL LLAMA-CAMBIO 15/02/19 13-08-18 AP200 02:00PMAP200 REALIZAR MEDIO DIA FEBRERO 1 DE 2018 ;1;21/09/2020
726;324;SEPIEMBRE 17/ AP200 04/03/20 AP200-CAMBIO 16/09/19 02:00PM-2:30PM EN LACAMBIO 16/03/19 AP200-03/09/18 A PARTIR DE LAS 02:00PM;1;22/09/2020
632;310;SEPTIEMBRE / G4   14/12/2019 AP200 $35MIL-POLIDETH$40MIL 07:30AM-CAMBIO  07/06/19 AP200- 07:00AM  INSTA.DEKO JG SERIE:0293 30/01/19;1;11/09/2020
689;313;SEPTIEMBRE / G4   INSTA.MCA SERIE:OZN200232 12/03/20;1;14/09/2020
717;311;SEPTIEMBRE / G4 09/03/20 AP200 04:30PM-INSTA. DEKO JG EN ACERO SERIE: 352 OZN193217    24/09/19 ;1;12/09/2020
384;314;SEPTIEMBRE / G4 16/03/2020 ap200 $40.000;1;15/09/2020
450;315;SEPTIEMBRE 15 / G4-CAMBIO 20/09/19 AP200 10:00AM- CAMBIO 12/03/19 AP200-03-09-18 AP200;1;16/09/2020
661;240;SEPTIEMBRE 17  / G4 04/03/20 EN LA TARDE AP200-CAMBIO 07/09/19-AP200- 09 ?10 INSTA. PA2008 SERIE: 006 04/04/19 ;1;17/09/2020
328;325;SEPTIEMBRE 18/AP200  13/03/20 EN LA MA?NA -CAMBIO 13/09/19 02:00PM-03:00PM CAMBIO 05/03/19 ERA CAMBIO 20/02/19 EN LA TARDE AP200-16-08-18 02:00PM-03:00PM;1;23/09/2020
657;326;SEPTIEMBRE 18/AP200  Y SERV. TECNICO;1;24/09/2020
507;316;SEPTIEMBRE 18/G4 16/03/20 AP200 EN LA MA?NA - CAMBIO 14/09/19 EN LA MA?NA-CAMBIO 16/03/19 -AP200-29/09/18;1;18/09/2020
340;317;SEPTIEMBRE 18/G416/03/20 AP200 EN LA MA?NA -CAMBIO 14/09/19 AP200-CAMBIO 28/03/19-CORRESPONDIA ENERO AP200-02-07-18;1;19/09/2020
502;322;SEPTIEMBRE 2/ AP200  24/02/2020 CORRESPONDIA ENERO-CAMBIO 05/07/19-AP200-08/10/18;1;18/09/2020
643;301;SEPTIEMBRE 2/G4   02/07/20 -EP7-05-05-18 9:00AM;1;1/09/2020
604;302;SEPTIEMBRE 2/G4 23/07/19 EP7 10:00AM CORESPONDIA MARZO ep7 martes 13 marzo en la ma??;1;2/09/2020
237;318;SEPTIEMBRE 22 G4;1;20/09/2020
229;319;SEPTIEMBRE 22/G4  FUERA SERVICO-18/12/18 AP200;1;21/09/2020
416;319;SEPTIEMBRE 24/G4;1;22/09/2020
417;320;SEPTIEMBRE 24/G4;1;23/09/2020
263;321;SEPTIEMBRE 28/G4 INSTA. 9D SUPERPROGRAMABLE CON G4 SERIE: 2431  19/02/20 ;1;24/09/2020
461;304;SEPTIEMBRE 3/G4       INSTA. DEKO JG EN ACERO CON G4  SERIE: OZN191384-131 19/02/20;1;4/09/2020
439;284;SEPTIEMBRE 4 AP200 22/02/20 EN LA MA?NA-CAMBIO 22/08/19 AP200 Y REVISION-EL SR LLAMA 24/07/19-SE LLAMA 26 NO CONTESTA-INSTA. 17/01/19 AG2010 SERIE:281;1;19/09/2020
202;33;SEPTIEMBRE 4/G4 02/03/2020 EN LA TARDE AP200-ELLAS LLAMAN-CORRESPONDIA DICIEMBRE PIDIO LLAMAR ENERO-CAMBIO 17/06/19 AP200-18/12/18 AP200;1;5/09/2020
437;303;SEPTIEMBRE3/G4 EN LA MA?NA $30.000-CAMBIO 12/07/19 AP200 ;1;3/09/2020
590;309;SEPTIEMBRE8 / G4;1;10/09/2020
292;306;SEPTIEMBRE8 / G4   INSTA. MCA SERIE:OZN192788 26/09/19 INSTALADO CON G4;1;7/09/2020
654;308;SEPTIEMBRE8 / G4 03/03/20  (2) AP200  CDA 8MESES- Hoy MARZO 9 EN LA TARDE se le instalo el del pap?;1;9/09/2020
597;307;SEPTIEMBRE8 / G4 18/01/2020 G4-CAMBIO 12/04/19 G4  EL LLAMA 11-08-18 G4 ;1;8/09/2020
562;395;sin observacion;1;5/11/2020
299;289;sin observacion;1;1/08/2020
318;312;sin observacion;1;13/09/2020
364;111;sin observacion;1;5/03/2020
375;112;sin observacion;1;5/03/2020
378;112;sin observacion;1;5/03/2020
477;305;sin observacion;1;6/09/2020
